100;0; 0;0;2D;Random; 0;false;0;10;1;785.388;1.#INF;24;19;4.4649e-038;3;0;
100;0; 0;0;2D;Random; 0;false;0;10;1;785.388;1.#INF;24;19;-2.53079e-032;1;0;
200;0; 0;0;2D;Random; 0;false;0;10;1;1149.18;1.#INF;39;9;5;0;0;
200;0; 0;0;2D;Random; 0;false;0;10;1;1149.18;1.#INF;39;9;5;1;0;
300;0; 0;0;2D;Random; 0;false;0;10;1;877.926;1.#INF;32;8;10;2;0;
300;0; 0;0;2D;Random; 0;false;0;10;1;877.926;1.#INF;32;8;10;3;0;
400;0; 0;0;2D;Random; 0;false;0;10;1;432.699;1.#INF;16;3;9;0;0;
400;0; 0;0;2D;Random; 0;false;0;10;1;432.699;1.#INF;16;3;9;2;0;
500;0; 0;0;2D;Random; 0;false;0;10;1;698.532;1.#INF;22;5;4;0;0;
500;0; 0;0;2D;Random; 0;false;0;10;1;698.532;1.#INF;22;5;4;2;0;
600;0; 0;0;2D;Random; 0;false;0;10;1;857.04;1.#INF;42;11;6;2;0;
600;0; 0;0;2D;Random; 0;false;0;10;1;857.04;1.#INF;42;11;6;2;0;
700;0; 0;0;2D;Random; 0;false;0;10;1;552.574;1.#INF;29;5;11;1;0;
700;0; 0;0;2D;Random; 0;false;0;10;1;552.574;1.#INF;29;5;11;0;0;
800;0; 0;0;2D;Random; 0;false;0;10;1;431.32;1.#INF;27;6;6;1;0;
800;0; 0;0;2D;Random; 0;false;0;10;1;431.32;1.#INF;27;6;6;1;0;
900;0; 0;0;2D;Random; 0;false;0;10;1;506.562;1.#INF;26;6;7;0;0;
900;0; 0;0;2D;Random; 0;false;0;10;1;506.562;1.#INF;26;6;7;1;0;
1000;0; 0;0;2D;Random; 0;false;0;10;1;399.031;1.#INF;28;5;7;0;0;
1000;0; 0;0;2D;Random; 0;false;0;10;1;399.031;1.#INF;28;5;7;1;0;
1100;0; 0;0;2D;Random; 0;false;0;10;1;503.246;1.#INF;39;8;6;1;0;
1100;0; 0;0;2D;Random; 0;false;0;10;1;503.246;1.#INF;39;8;6;1;0;
1200;0; 0;0;2D;Random; 0;false;0;10;1;678.284;1.#INF;52;12;9;0;0;
1200;0; 0;0;2D;Random; 0;false;0;10;1;678.284;1.#INF;52;12;9;2;0;
1300;0; 0;0;2D;Random; 0;false;0;10;1;847.093;1.#INF;57;11;13;0;0;
1300;0; 0;0;2D;Random; 0;false;0;10;1;847.093;1.#INF;57;11;13;4;0;
1400;0; 0;0;2D;Random; 0;false;0;10;1;640.446;1.#INF;40;9;12;0;0;
1400;0; 0;0;2D;Random; 0;false;0;10;1;640.446;1.#INF;40;9;12;1;0;
1500;0; 0;0;2D;Random; 0;false;0;10;1;785.93;1.#INF;67;14;10;0;0;
1500;0; 0;0;2D;Random; 0;false;0;10;1;785.93;1.#INF;67;14;10;18;0;
1600;0; 0;0;2D;Random; 0;false;0;10;1;1029.36;1.#INF;67;16;15;1;0;
1600;0; 0;0;2D;Random; 0;false;0;10;1;1029.36;1.#INF;67;16;15;8;0;
1700;0; 0;0;2D;Random; 0;false;0;10;1;423.249;1.#INF;34;8;17;0;0;
1700;0; 0;0;2D;Random; 0;false;0;10;1;423.249;1.#INF;34;8;17;0;0;
1800;0; 0;0;2D;Random; 0;false;0;10;1;734.985;1.#INF;50;11;7;0;0;
1800;0; 0;0;2D;Random; 0;false;0;10;1;734.985;1.#INF;50;11;7;13;0;
1900;0; 0;0;2D;Random; 0;false;0;10;1;858.45;1.#INF;64;14;12;0;0;
1900;0; 0;0;2D;Random; 0;false;0;10;1;858.45;1.#INF;64;14;12;1;0;
2000;0; 0;0;2D;Random; 0;false;0;10;1;752.744;1.#INF;56;10;15;0;0;
2000;0; 0;0;2D;Random; 0;false;0;10;1;752.744;1.#INF;56;10;15;5;0;
2100;0; 0;0;2D;Random; 0;false;0;10;1;211.242;1.#INF;15;4;11;0;0;
2100;0; 0;0;2D;Random; 0;false;0;10;1;211.242;1.#INF;15;4;11;0;0;
2200;0; 0;0;2D;Random; 0;false;0;10;1;612.665;1.#INF;43;10;5;0;0;
2200;0; 0;0;2D;Random; 0;false;0;10;1;612.665;1.#INF;43;10;5;3;0;
2300;0; 0;0;2D;Random; 0;false;0;10;1;864.049;1.#INF;70;15;11;1;0;
2300;0; 0;0;2D;Random; 0;false;0;10;1;864.049;1.#INF;70;15;11;18;0;
2400;0; 0;0;2D;Random; 0;false;0;10;1;822.299;1.#INF;80;16;16;7;0;
2400;0; 0;0;2D;Random; 0;false;0;10;1;822.299;1.#INF;80;16;16;8;0;
2500;0; 0;0;2D;Random; 0;false;0;10;1;508.744;1.#INF;44;8;17;0;0;
2500;0; 0;0;2D;Random; 0;false;0;10;1;508.744;1.#INF;44;8;17;0;0;
2600;0; 0;0;2D;Random; 0;false;0;10;1;437.328;1.#INF;39;8;9;0;0;
2600;0; 0;0;2D;Random; 0;false;0;10;1;437.328;1.#INF;39;8;9;1;0;
2700;0; 0;0;2D;Random; 0;false;0;10;1;418.774;1.#INF;42;10;9;0;0;
2700;0; 0;0;2D;Random; 0;false;0;10;1;418.774;1.#INF;42;10;9;3;0;
2800;0; 0;0;2D;Random; 0;false;0;10;1;397.902;1.#INF;30;7;11;0;0;
2800;0; 0;0;2D;Random; 0;false;0;10;1;397.902;1.#INF;30;7;11;0;0;
2900;0; 0;0;2D;Random; 0;false;0;10;1;753.088;1.#INF;58;12;8;0;0;
2900;0; 0;0;2D;Random; 0;false;0;10;1;753.088;1.#INF;58;12;8;3;0;
3000;0; 0;0;2D;Random; 0;false;0;10;1;548.488;1.#INF;53;11;13;0;0;
3000;0; 0;0;2D;Random; 0;false;0;10;1;548.488;1.#INF;53;11;13;1;0;
3100;0; 0;0;2D;Random; 0;false;0;10;1;958.542;1.#INF;78;17;12;0;0;
3100;0; 0;0;2D;Random; 0;false;0;10;1;958.542;1.#INF;78;17;12;2;0;
3200;0; 0;0;2D;Random; 0;false;0;10;1;1002.81;1.#INF;79;17;18;0;0;
3200;0; 0;0;2D;Random; 0;false;0;10;1;1002.81;1.#INF;79;17;18;1;0;
3300;0; 0;0;2D;Random; 0;false;0;10;1;860.577;1.#INF;77;14;18;0;0;
3300;0; 0;0;2D;Random; 0;false;0;10;1;860.577;1.#INF;77;14;18;1;0;
3400;0; 0;0;2D;Random; 0;false;0;10;1;422.984;1.#INF;30;7;15;0;0;
3400;0; 0;0;2D;Random; 0;false;0;10;1;422.984;1.#INF;30;7;15;0;0;
3500;0; 0;0;2D;Random; 0;false;0;10;1;950.59;1.#INF;83;17;8;0;0;
3500;0; 0;0;2D;Random; 0;false;0;10;1;950.59;1.#INF;83;17;8;3;0;
3600;0; 0;0;2D;Random; 0;false;0;10;1;392.837;1.#INF;39;8;18;0;0;
3600;0; 0;0;2D;Random; 0;false;0;10;1;392.837;1.#INF;39;8;18;1;0;
3700;0; 0;0;2D;Random; 0;false;0;10;1;918.677;1.#INF;89;17;9;1;0;
3700;0; 0;0;2D;Random; 0;false;0;10;1;918.677;1.#INF;89;17;9;2;0;
3800;0; 0;0;2D;Random; 0;false;0;10;1;372.055;1.#INF;41;8;18;0;0;
3800;0; 0;0;2D;Random; 0;false;0;10;1;372.055;1.#INF;41;8;18;1;0;
3900;0; 0;0;2D;Random; 0;false;0;10;1;598.787;1.#INF;43;10;9;1;0;
3900;0; 0;0;2D;Random; 0;false;0;10;1;598.787;1.#INF;43;10;9;0;0;
4000;0; 0;0;2D;Random; 0;false;0;10;1;508.825;1.#INF;51;10;11;1;0;
4000;0; 0;0;2D;Random; 0;false;0;10;1;508.825;1.#INF;51;10;11;1;0;
4100;0; 0;0;2D;Random; 0;false;0;10;1;754.346;1.#INF;83;19;11;0;0;
4100;0; 0;0;2D;Random; 0;false;0;10;1;754.346;1.#INF;83;19;11;1;0;
4200;0; 0;0;2D;Random; 0;false;0;10;1;149.786;1.#INF;10;2;20;0;0;
4200;0; 0;0;2D;Random; 0;false;0;10;1;149.786;1.#INF;10;2;20;0;0;
4300;0; 0;0;2D;Random; 0;false;0;10;1;833.766;1.#INF;81;19;3;0;0;
4300;0; 0;0;2D;Random; 0;false;0;10;1;833.766;1.#INF;81;19;3;0;0;
4400;0; 0;0;2D;Random; 0;false;0;10;1;767.947;1.#INF;67;14;20;1;0;
4400;0; 0;0;2D;Random; 0;false;0;10;1;767.947;1.#INF;67;14;20;2;0;
4500;0; 0;0;2D;Random; 0;false;0;10;1;1178.86;1.#INF;117;25;15;6;0;
4500;0; 0;0;2D;Random; 0;false;0;10;1;1178.86;1.#INF;117;25;15;3;0;
4600;0; 0;0;2D;Random; 0;false;0;10;1;676.867;1.#INF;60;12;26;0;0;
4600;0; 0;0;2D;Random; 0;false;0;10;1;676.867;1.#INF;60;12;26;1;0;
4700;0; 0;0;2D;Random; 0;false;0;10;1;759.412;1.#INF;79;18;13;0;0;
4700;0; 0;0;2D;Random; 0;false;0;10;1;759.412;1.#INF;79;18;13;2;0;
4800;0; 0;0;2D;Random; 0;false;0;10;1;860.715;1.#INF;79;17;19;2;0;
4800;0; 0;0;2D;Random; 0;false;0;10;1;860.715;1.#INF;79;17;19;2;0;
4900;0; 0;0;2D;Random; 0;false;0;10;1;512.009;1.#INF;49;10;18;0;0;
4900;0; 0;0;2D;Random; 0;false;0;10;1;512.009;1.#INF;49;10;18;0;0;
5000;0; 0;0;2D;Random; 0;false;0;10;1;741.455;1.#INF;75;16;11;0;0;
5000;0; 0;0;2D;Random; 0;false;0;10;1;741.455;1.#INF;75;16;11;1;0;
5100;0; 0;0;2D;Random; 0;false;0;10;1;207.676;1.#INF;38;7;17;1;0;
5100;0; 0;0;2D;Random; 0;false;0;10;1;207.676;1.#INF;38;7;17;0;0;
5200;0; 0;0;2D;Random; 0;false;0;10;1;1022.78;1.#INF;98;21;8;3;0;
5200;0; 0;0;2D;Random; 0;false;0;10;1;1022.78;1.#INF;98;21;8;2;0;
5300;0; 0;0;2D;Random; 0;false;0;10;1;964.055;1.#INF;97;19;22;0;0;
5300;0; 0;0;2D;Random; 0;false;0;10;1;964.055;1.#INF;97;19;22;1;0;
5400;0; 0;0;2D;Random; 0;false;0;10;1;971.505;1.#INF;91;20;20;0;0;
5400;0; 0;0;2D;Random; 0;false;0;10;1;971.505;1.#INF;91;20;20;12;0;
5500;0; 0;0;2D;Random; 0;false;0;10;1;1313.53;1.#INF;115;26;21;1;0;
5500;0; 0;0;2D;Random; 0;false;0;10;1;1313.53;1.#INF;115;26;21;1;0;
5600;0; 0;0;2D;Random; 0;false;0;10;1;393.667;1.#INF;33;8;27;1;0;
5600;0; 0;0;2D;Random; 0;false;0;10;1;393.667;1.#INF;33;8;27;0;0;
5700;0; 0;0;2D;Random; 0;false;0;10;1;812.93;1.#INF;81;17;9;1;0;
5700;0; 0;0;2D;Random; 0;false;0;10;1;812.93;1.#INF;81;17;9;1;0;
5800;0; 0;0;2D;Random; 0;false;0;10;1;731.453;1.#INF;77;17;18;0;0;
5800;0; 0;0;2D;Random; 0;false;0;10;1;731.453;1.#INF;77;17;18;1;0;
5900;0; 0;0;2D;Random; 0;false;0;10;1;1070.7;1.#INF;103;22;18;2;0;
5900;0; 0;0;2D;Random; 0;false;0;10;1;1070.7;1.#INF;103;22;18;3;0;
6000;0; 0;0;2D;Random; 0;false;0;10;1;593.266;1.#INF;53;14;23;0;0;
6000;0; 0;0;2D;Random; 0;false;0;10;1;593.266;1.#INF;53;14;23;0;0;
6100;0; 0;0;2D;Random; 0;false;0;10;1;558.246;1.#INF;42;10;15;0;0;
6100;0; 0;0;2D;Random; 0;false;0;10;1;558.246;1.#INF;42;10;15;0;0;
6200;0; 0;0;2D;Random; 0;false;0;10;1;638.777;1.#INF;64;15;11;0;0;
6200;0; 0;0;2D;Random; 0;false;0;10;1;638.777;1.#INF;64;15;11;1;0;
6300;0; 0;0;2D;Random; 0;false;0;10;1;315.68;1.#INF;32;7;16;0;0;
6300;0; 0;0;2D;Random; 0;false;0;10;1;315.68;1.#INF;32;7;16;0;0;
6400;0; 0;0;2D;Random; 0;false;0;10;1;1090.11;1.#INF;102;21;8;0;0;
6400;0; 0;0;2D;Random; 0;false;0;10;1;1090.11;1.#INF;102;21;8;3;0;
6500;0; 0;0;2D;Random; 0;false;0;10;1;679.669;1.#INF;69;14;22;0;0;
6500;0; 0;0;2D;Random; 0;false;0;10;1;679.669;1.#INF;69;14;22;0;0;
6600;0; 0;0;2D;Random; 0;false;0;10;1;1035.7;1.#INF;106;23;15;1;0;
6600;0; 0;0;2D;Random; 0;false;0;10;1;1035.7;1.#INF;106;23;15;3;0;
6700;0; 0;0;2D;Random; 0;false;0;10;1;974.237;1.#INF;106;24;24;2;0;
6700;0; 0;0;2D;Random; 0;false;0;10;1;974.237;1.#INF;106;24;24;3;0;
6800;0; 0;0;2D;Random; 0;false;0;10;1;1125.32;1.#INF;103;24;25;0;0;
6800;0; 0;0;2D;Random; 0;false;0;10;1;1125.32;1.#INF;103;24;25;3;0;
6900;0; 0;0;2D;Random; 0;false;0;10;1;487.185;1.#INF;56;13;25;0;0;
6900;0; 0;0;2D;Random; 0;false;0;10;1;487.185;1.#INF;56;13;25;1;0;
7000;0; 0;0;2D;Random; 0;false;0;10;1;784.398;1.#INF;89;20;14;2;0;
7000;0; 0;0;2D;Random; 0;false;0;10;1;784.398;1.#INF;89;20;14;3;0;
7100;0; 0;0;2D;Random; 0;false;0;10;1;897.715;1.#INF;90;21;21;0;0;
7100;0; 0;0;2D;Random; 0;false;0;10;1;897.715;1.#INF;90;21;21;2;0;
7200;0; 0;0;2D;Random; 0;false;0;10;1;207.207;1.#INF;19;5;22;0;0;
7200;0; 0;0;2D;Random; 0;false;0;10;1;207.207;1.#INF;19;5;22;0;0;
7300;0; 0;0;2D;Random; 0;false;0;10;1;662.88;1.#INF;79;16;6;1;0;
7300;0; 0;0;2D;Random; 0;false;0;10;1;662.88;1.#INF;79;16;6;1;0;
7400;0; 0;0;2D;Random; 0;false;0;10;1;932.667;1.#INF;101;22;17;1;0;
7400;0; 0;0;2D;Random; 0;false;0;10;1;932.667;1.#INF;101;22;17;2;0;
7500;0; 0;0;2D;Random; 0;false;0;10;1;777.75;1.#INF;81;17;23;1;0;
7500;0; 0;0;2D;Random; 0;false;0;10;1;777.75;1.#INF;81;17;23;2;0;
7600;0; 0;0;2D;Random; 0;false;0;10;1;245.587;1.#INF;31;5;18;0;0;
7600;0; 0;0;2D;Random; 0;false;0;10;1;245.587;1.#INF;31;5;18;0;0;
7700;0; 0;0;2D;Random; 0;false;0;10;1;241.789;1.#INF;42;10;6;1;0;
7700;0; 0;0;2D;Random; 0;false;0;10;1;241.789;1.#INF;42;10;6;3;0;
7800;0; 0;0;2D;Random; 0;false;0;10;1;487.944;1.#INF;55;12;10;1;0;
7800;0; 0;0;2D;Random; 0;false;0;10;1;487.944;1.#INF;55;12;10;1;0;
7900;0; 0;0;2D;Random; 0;false;0;10;1;759.739;1.#INF;78;17;13;0;0;
7900;0; 0;0;2D;Random; 0;false;0;10;1;759.739;1.#INF;78;17;13;3;0;
8000;0; 0;0;2D;Random; 0;false;0;10;1;607.95;1.#INF;66;14;18;0;0;
8000;0; 0;0;2D;Random; 0;false;0;10;1;607.95;1.#INF;66;14;18;1;0;
8100;0; 0;0;2D;Random; 0;false;0;10;1;924.841;1.#INF;109;25;14;0;0;
8100;0; 0;0;2D;Random; 0;false;0;10;1;924.841;1.#INF;109;25;14;1;0;
8200;0; 0;0;2D;Random; 0;false;0;10;1;1273.29;1.#INF;160;37;26;0;0;
8200;0; 0;0;2D;Random; 0;false;0;10;1;1273.29;1.#INF;160;37;26;4;0;
8300;0; 0;0;2D;Random; 0;false;0;10;1;810.94;1.#INF;89;23;35;1;0;
8300;0; 0;0;2D;Random; 0;false;0;10;1;810.94;1.#INF;89;23;35;1;0;
8400;0; 0;0;2D;Random; 0;false;0;10;1;863.171;1.#INF;126;34;19;1;0;
8400;0; 0;0;2D;Random; 0;false;0;10;1;863.171;1.#INF;126;34;19;18;0;
8500;0; 0;0;2D;Random; 0;false;0;10;1;967.88;1.#INF;108;25;26;1;0;
8500;0; 0;0;2D;Random; 0;false;0;10;1;967.88;1.#INF;108;25;26;13;0;
8600;0; 0;0;2D;Random; 0;false;0;10;1;839.362;1.#INF;94;20;26;1;0;
8600;0; 0;0;2D;Random; 0;false;0;10;1;839.362;1.#INF;94;20;26;4;0;
8700;0; 0;0;2D;Random; 0;false;0;10;1;274.533;1.#INF;38;7;21;0;0;
8700;0; 0;0;2D;Random; 0;false;0;10;1;274.533;1.#INF;38;7;21;1;0;
8800;0; 0;0;2D;Random; 0;false;0;10;1;343.757;1.#INF;35;7;8;0;0;
8800;0; 0;0;2D;Random; 0;false;0;10;1;343.757;1.#INF;35;7;8;0;0;
8900;0; 0;0;2D;Random; 0;false;0;10;1;827.832;1.#INF;88;20;8;1;0;
8900;0; 0;0;2D;Random; 0;false;0;10;1;827.832;1.#INF;88;20;8;3;0;
9000;0; 0;0;2D;Random; 0;false;0;10;1;1177.1;1.#INF;137;29;21;1;0;
9000;0; 0;0;2D;Random; 0;false;0;10;1;1177.1;1.#INF;137;29;21;6;0;
9100;0; 0;0;2D;Random; 0;false;0;10;1;770.382;1.#INF;90;19;30;0;0;
9100;0; 0;0;2D;Random; 0;false;0;10;1;770.382;1.#INF;90;19;30;2;0;
9200;0; 0;0;2D;Random; 0;false;0;10;1;689.454;1.#INF;95;24;20;1;0;
9200;0; 0;0;2D;Random; 0;false;0;10;1;689.454;1.#INF;95;24;20;1;0;
9300;0; 0;0;2D;Random; 0;false;0;10;1;582.556;1.#INF;69;16;22;1;0;
9300;0; 0;0;2D;Random; 0;false;0;10;1;582.556;1.#INF;69;16;22;0;0;
9400;0; 0;0;2D;Random; 0;false;0;10;1;851.519;1.#INF;99;22;17;1;0;
9400;0; 0;0;2D;Random; 0;false;0;10;1;851.519;1.#INF;99;22;17;1;0;
9500;0; 0;0;2D;Random; 0;false;0;10;1;452.564;1.#INF;43;10;23;0;0;
9500;0; 0;0;2D;Random; 0;false;0;10;1;452.564;1.#INF;43;10;23;1;0;
9600;0; 0;0;2D;Random; 0;false;0;10;1;589.481;1.#INF;71;16;11;1;0;
9600;0; 0;0;2D;Random; 0;false;0;10;1;589.481;1.#INF;71;16;11;2;0;
9700;0; 0;0;2D;Random; 0;false;0;10;1;736.659;1.#INF;93;19;17;1;0;
9700;0; 0;0;2D;Random; 0;false;0;10;1;736.659;1.#INF;93;19;17;1;0;
9800;0; 0;0;2D;Random; 0;false;0;10;1;890.12;1.#INF;89;20;20;1;0;
9800;0; 0;0;2D;Random; 0;false;0;10;1;890.12;1.#INF;89;20;20;1;0;
9900;0; 0;0;2D;Random; 0;false;0;10;1;945.798;1.#INF;105;24;21;1;0;
9900;0; 0;0;2D;Random; 0;false;0;10;1;945.798;1.#INF;105;24;21;3;0;
100;0; 0;0;2D;Random; 1;false;0;10;1;984.105;1.#INF;39;50;25;1;0;
100;0; 0;0;2D;Random; 1;false;0;10;1;984.105;1.#INF;39;50;25;1;0;
200;0; 0;0;2D;Random; 1;false;0;10;1;1001.03;1.#INF;55;90;6;3;0;
200;0; 0;0;2D;Random; 1;false;0;10;1;1001.03;1.#INF;55;90;6;10;0;
300;0; 0;0;2D;Random; 1;false;0;10;1;556.875;1.#INF;41;23;8;2;0;
300;0; 0;0;2D;Random; 1;false;0;10;1;556.875;1.#INF;41;23;8;3;0;
400;0; 0;0;2D;Random; 1;false;0;10;1;1048.83;1.#INF;72;209;5;14;0;
400;0; 0;0;2D;Random; 1;false;0;10;1;1048.83;1.#INF;72;209;5;8;0;
500;0; 0;0;2D;Random; 1;false;0;10;1;296.67;1.#INF;24;6;11;0;0;
500;0; 0;0;2D;Random; 1;false;0;10;1;296.67;1.#INF;24;6;11;0;0;
600;0; 0;0;2D;Random; 1;false;0;10;1;571.552;1.#INF;44;50;4;2;0;
600;0; 0;0;2D;Random; 1;false;0;10;1;571.552;1.#INF;44;50;4;5;0;
700;0; 0;0;2D;Random; 1;false;0;10;1;502.358;1.#INF;22;12;7;0;0;
700;0; 0;0;2D;Random; 1;false;0;10;1;502.358;1.#INF;22;12;7;2;0;
800;0; 0;0;2D;Random; 1;false;0;10;1;405.833;1.#INF;47;24;4;1;0;
800;0; 0;0;2D;Random; 1;false;0;10;1;405.833;1.#INF;47;24;4;4;0;
900;0; 0;0;2D;Random; 1;false;0;10;1;568.321;1.#INF;103;132;6;8;0;
900;0; 0;0;2D;Random; 1;false;0;10;1;568.321;1.#INF;103;132;6;14;0;
1000;0; 0;0;2D;Random; 1;false;0;10;1;884.934;1.#INF;154;387;11;13;0;
1000;0; 0;0;2D;Random; 1;false;0;10;1;884.934;1.#INF;154;387;11;180;0;
1100;0; 0;0;2D;Random; 1;false;0;10;1;612.909;1.#INF;68;74;13;2;0;
1100;0; 0;0;2D;Random; 1;false;0;10;1;612.909;1.#INF;68;74;13;3;0;
1200;0; 0;0;2D;Random; 1;false;0;10;1;510.784;1.#INF;114;81;8;3;0;
1200;0; 0;0;2D;Random; 1;false;0;10;1;510.784;1.#INF;114;81;8;4;0;
1300;0; 0;0;2D;Random; 1;false;0;10;1;600.929;1.#INF;181;217;8;30;0;
1300;0; 0;0;2D;Random; 1;false;0;10;1;600.929;1.#INF;181;217;8;46;0;
1400;0; 0;0;2D;Random; 1;false;0;10;1;766.315;1.#INF;240;381;10;103;0;
1400;0; 0;0;2D;Random; 1;false;0;10;1;766.315;1.#INF;240;381;10;105;0;
1500;0; 0;0;2D;Random; 1;false;0;10;1;582.958;1.#INF;194;236;10;86;0;
1500;0; 0;0;2D;Random; 1;false;0;10;1;582.958;1.#INF;194;236;10;119;0;
1600;0; 0;0;2D;Random; 1;false;0;10;1;964.049;1.#INF;208;670;10;83;0;
1600;0; 0;0;2D;Random; 1;false;0;10;1;964.049;1.#INF;208;670;10;141;0;
1700;0; 0;0;2D;Random; 1;false;0;10;1;522.95;1.#INF;102;103;15;2;0;
1700;0; 0;0;2D;Random; 1;false;0;10;1;522.95;1.#INF;102;103;15;66;0;
1800;0; 0;0;2D;Random; 1;false;0;10;1;775.046;1.#INF;346;636;9;137;0;
1800;0; 0;0;2D;Random; 1;false;0;10;1;775.046;1.#INF;346;636;9;221;0;
1900;0; 0;0;2D;Random; 1;false;0;10;1;435.021;1.#INF;81;80;14;2;0;
1900;0; 0;0;2D;Random; 1;false;0;10;1;435.021;1.#INF;81;80;14;52;0;
2000;0; 0;0;2D;Random; 1;false;0;10;1;776.446;1.#INF;235;641;7;43;0;
2000;0; 0;0;2D;Random; 1;false;0;10;1;776.446;1.#INF;235;641;7;70;0;
2100;0; 0;0;2D;Random; 1;false;0;10;1;612.332;1.#INF;193;280;14;56;0;
2100;0; 0;0;2D;Random; 1;false;0;10;1;612.332;1.#INF;193;280;14;57;0;
2200;0; 0;0;2D;Random; 1;false;0;10;1;405.988;1.#INF;143;124;11;11;0;
2200;0; 0;0;2D;Random; 1;false;0;10;1;405.988;1.#INF;143;124;11;14;0;
2300;0; 0;0;2D;Random; 1;false;0;10;1;544.838;1.#INF;263;331;11;111;0;
2300;0; 0;0;2D;Random; 1;false;0;10;1;544.838;1.#INF;263;331;11;91;0;
2400;0; 0;0;2D;Random; 1;false;0;10;1;568.112;1.#INF;310;424;13;35;0;
2400;0; 0;0;2D;Random; 1;false;0;10;1;568.112;1.#INF;310;424;13;109;0;
2500;0; 0;0;2D;Random; 1;false;0;10;1;318.606;1.#INF;39;21;10;1;0;
2500;0; 0;0;2D;Random; 1;false;0;10;1;318.606;1.#INF;39;21;10;1;0;
2600;0; 0;0;2D;Random; 1;false;0;10;1;799.939;1.#INF;354;837;6;112;0;
2600;0; 0;0;2D;Random; 1;false;0;10;1;799.939;1.#INF;354;837;6;148;0;
2700;0; 0;0;2D;Random; 1;false;0;10;1;911.887;1.#INF;337;1049;16;218;0;
2700;0; 0;0;2D;Random; 1;false;0;10;1;911.887;1.#INF;337;1049;16;183;0;
2800;0; 0;0;2D;Random; 1;false;0;10;1;530.867;1.#INF;301;499;17;88;0;
2800;0; 0;0;2D;Random; 1;false;0;10;1;530.867;1.#INF;301;499;17;94;0;
2900;0; 0;0;2D;Random; 1;false;0;10;1;1004.72;1.#INF;375;1525;12;421;0;
2900;0; 0;0;2D;Random; 1;false;0;10;1;1004.72;1.#INF;375;1525;12;264;0;
3000;0; 0;0;2D;Random; 1;false;0;10;1;416.511;1.#INF;203;189;20;17;0;
3000;0; 0;0;2D;Random; 1;false;0;10;1;416.511;1.#INF;203;189;20;81;0;
3100;0; 0;0;2D;Random; 1;false;0;10;1;881.757;1.#INF;462;1588;9;304;0;
3100;0; 0;0;2D;Random; 1;false;0;10;1;881.757;1.#INF;462;1588;9;376;0;
3200;0; 0;0;2D;Random; 1;false;0;10;1;597.555;1.#INF;288;543;16;204;0;
3200;0; 0;0;2D;Random; 1;false;0;10;1;597.555;1.#INF;288;543;16;152;0;
3300;0; 0;0;2D;Random; 1;false;0;10;1;502.562;1.#INF;217;360;12;55;0;
3300;0; 0;0;2D;Random; 1;false;0;10;1;502.562;1.#INF;217;360;12;31;0;
3400;0; 0;0;2D;Random; 1;false;0;10;1;842.143;1.#INF;325;1052;10;195;0;
3400;0; 0;0;2D;Random; 1;false;0;10;1;842.143;1.#INF;325;1052;10;263;0;
3500;0; 0;0;2D;Random; 1;false;0;10;1;741.851;1.#INF;249;764;17;219;0;
3500;0; 0;0;2D;Random; 1;false;0;10;1;741.851;1.#INF;249;764;17;168;0;
3600;0; 0;0;2D;Random; 1;false;0;10;1;1060.53;1.#INF;301;1457;15;184;0;
3600;0; 0;0;2D;Random; 1;false;0;10;1;1060.53;1.#INF;301;1457;15;174;0;
3700;0; 0;0;2D;Random; 1;false;0;10;1;954.376;1.#INF;403;1830;20;362;0;
3700;0; 0;0;2D;Random; 1;false;0;10;1;954.376;1.#INF;403;1830;20;402;0;
3800;0; 0;0;2D;Random; 1;false;0;10;1;669.982;1.#INF;320;650;21;146;0;
3800;0; 0;0;2D;Random; 1;false;0;10;1;669.982;1.#INF;320;650;21;66;0;
3900;0; 0;0;2D;Random; 1;false;0;10;1;703.921;1.#INF;230;618;14;134;0;
3900;0; 0;0;2D;Random; 1;false;0;10;1;703.921;1.#INF;230;618;14;67;0;
4000;0; 0;0;2D;Random; 1;false;0;10;1;441.097;1.#INF;164;197;16;15;0;
4000;0; 0;0;2D;Random; 1;false;0;10;1;441.097;1.#INF;164;197;16;31;0;
4100;0; 0;0;2D;Random; 1;false;0;10;1;371.233;1.#INF;100;146;12;14;0;
4100;0; 0;0;2D;Random; 1;false;0;10;1;371.233;1.#INF;100;146;12;44;0;
4200;0; 0;0;2D;Random; 1;false;0;10;1;661.917;1.#INF;392;980;8;479;0;
4200;0; 0;0;2D;Random; 1;false;0;10;1;661.917;1.#INF;392;980;8;260;0;
4300;0; 0;0;2D;Random; 1;false;0;10;1;362.078;1.#INF;160;120;17;4;0;
4300;0; 0;0;2D;Random; 1;false;0;10;1;362.078;1.#INF;160;120;17;119;0;
4400;0; 0;0;2D;Random; 1;false;0;10;1;801.229;1.#INF;439;1352;11;485;0;
4400;0; 0;0;2D;Random; 1;false;0;10;1;801.229;1.#INF;439;1352;11;236;0;
4500;0; 0;0;2D;Random; 1;false;0;10;1;462.549;1.#INF;295;455;19;55;0;
4500;0; 0;0;2D;Random; 1;false;0;10;1;462.549;1.#INF;295;455;19;218;0;
4600;0; 0;0;2D;Random; 1;false;0;10;1;384.784;1.#INF;151;170;11;33;0;
4600;0; 0;0;2D;Random; 1;false;0;10;1;384.784;1.#INF;151;170;11;54;0;
4700;0; 0;0;2D;Random; 1;false;0;10;1;1076.85;1.#INF;433;2936;11;587;0;
4700;0; 0;0;2D;Random; 1;false;0;10;1;1076.85;1.#INF;433;2936;11;670;0;
4800;0; 0;0;2D;Random; 1;false;0;10;1;371.918;1.#INF;209;238;21;90;0;
4800;0; 0;0;2D;Random; 1;false;0;10;1;371.918;1.#INF;209;238;21;60;0;
4900;0; 0;0;2D;Random; 1;false;0;10;1;703.22;1.#INF;557;1484;9;350;0;
4900;0; 0;0;2D;Random; 1;false;0;10;1;703.22;1.#INF;557;1484;9;410;0;
5000;0; 0;0;2D;Random; 1;false;0;10;1;567.075;1.#INF;201;383;17;70;0;
5000;0; 0;0;2D;Random; 1;false;0;10;1;567.075;1.#INF;201;383;17;79;0;
5100;0; 0;0;2D;Random; 1;false;0;10;1;954.668;1.#INF;398;1747;13;271;0;
5100;0; 0;0;2D;Random; 1;false;0;10;1;954.668;1.#INF;398;1747;13;423;0;
5200;0; 0;0;2D;Random; 1;false;0;10;1;646.41;1.#INF;432;1001;20;138;0;
5200;0; 0;0;2D;Random; 1;false;0;10;1;646.41;1.#INF;432;1001;20;182;0;
5300;0; 0;0;2D;Random; 1;false;0;10;1;992.314;1.#INF;526;2704;14;622;0;
5300;0; 0;0;2D;Random; 1;false;0;10;1;992.314;1.#INF;526;2704;14;678;0;
5400;0; 0;0;2D;Random; 1;false;0;10;1;503.194;1.#INF;361;621;21;46;0;
5400;0; 0;0;2D;Random; 1;false;0;10;1;503.194;1.#INF;361;621;21;105;0;
5500;0; 0;0;2D;Random; 1;false;0;10;1;591.46;1.#INF;530;1051;14;102;0;
5500;0; 0;0;2D;Random; 1;false;0;10;1;591.46;1.#INF;530;1051;14;152;0;
5600;0; 0;0;2D;Random; 1;false;0;10;1;943.895;1.#INF;553;3411;16;469;0;
5600;0; 0;0;2D;Random; 1;false;0;10;1;943.895;1.#INF;553;3411;16;767;0;
5700;0; 0;0;2D;Random; 1;false;0;10;1;1047.99;1.#INF;418;2250;24;521;0;
5700;0; 0;0;2D;Random; 1;false;0;10;1;1047.99;1.#INF;418;2250;24;444;0;
5800;0; 0;0;2D;Random; 1;false;0;10;1;886.224;1.#INF;365;1673;27;454;0;
5800;0; 0;0;2D;Random; 1;false;0;10;1;886.224;1.#INF;365;1673;27;243;0;
5900;0; 0;0;2D;Random; 1;false;0;10;1;920.752;1.#INF;482;2253;23;243;0;
5900;0; 0;0;2D;Random; 1;false;0;10;1;920.752;1.#INF;482;2253;23;510;0;
6000;0; 0;0;2D;Random; 1;false;0;10;1;943.632;1.#INF;591;2853;20;772;0;
6000;0; 0;0;2D;Random; 1;false;0;10;1;943.632;1.#INF;591;2853;20;882;0;
6100;0; 0;0;2D;Random; 1;false;0;10;1;536.393;1.#INF;317;659;26;66;0;
6100;0; 0;0;2D;Random; 1;false;0;10;1;536.393;1.#INF;317;659;26;159;0;
6200;0; 0;0;2D;Random; 1;false;0;10;1;755.516;1.#INF;571;1952;15;438;0;
6200;0; 0;0;2D;Random; 1;false;0;10;1;755.516;1.#INF;571;1952;15;411;0;
6300;0; 0;0;2D;Random; 1;false;0;10;1;888.726;1.#INF;675;2992;18;761;0;
6300;0; 0;0;2D;Random; 1;false;0;10;1;888.726;1.#INF;675;2992;18;810;0;
6400;0; 0;0;2D;Random; 1;false;0;10;1;895.669;1.#INF;449;2266;21;521;0;
6400;0; 0;0;2D;Random; 1;false;0;10;1;895.669;1.#INF;449;2266;21;478;0;
6500;0; 0;0;2D;Random; 1;false;0;10;1;690.412;1.#INF;442;1592;23;293;0;
6500;0; 0;0;2D;Random; 1;false;0;10;1;690.412;1.#INF;442;1592;23;625;0;
6600;0; 0;0;2D;Random; 1;false;0;10;1;472.844;1.#INF;321;515;21;116;0;
6600;0; 0;0;2D;Random; 1;false;0;10;1;472.844;1.#INF;321;515;21;137;0;
6700;0; 0;0;2D;Random; 1;false;0;10;1;339.885;1.#INF;240;252;13;35;0;
6700;0; 0;0;2D;Random; 1;false;0;10;1;339.885;1.#INF;240;252;13;35;0;
6800;0; 0;0;2D;Random; 1;false;0;10;1;555.382;1.#INF;632;1151;10;307;0;
6800;0; 0;0;2D;Random; 1;false;0;10;1;555.382;1.#INF;632;1151;10;473;0;
6900;0; 0;0;2D;Random; 1;false;0;10;1;629.276;1.#INF;701;1507;14;182;0;
6900;0; 0;0;2D;Random; 1;false;0;10;1;629.276;1.#INF;701;1507;14;552;0;
7000;0; 0;0;2D;Random; 1;false;0;10;1;765.856;1.#INF;519;1308;21;229;0;
7000;0; 0;0;2D;Random; 1;false;0;10;1;765.856;1.#INF;519;1308;21;530;0;
7100;0; 0;0;2D;Random; 1;false;0;10;1;1106.53;1.#INF;654;4266;16;859;0;
7100;0; 0;0;2D;Random; 1;false;0;10;1;1106.53;1.#INF;654;4266;16;911;0;
7200;0; 0;0;2D;Random; 1;false;0;10;1;629.554;1.#INF;544;1281;24;133;0;
7200;0; 0;0;2D;Random; 1;false;0;10;1;629.554;1.#INF;544;1281;24;510;0;
7300;0; 0;0;2D;Random; 1;false;0;10;1;1043.75;1.#INF;678;4348;15;1104;0;
7300;0; 0;0;2D;Random; 1;false;0;10;1;1043.75;1.#INF;678;4348;15;980;0;
7400;0; 0;0;2D;Random; 1;false;0;10;1;395.906;1.#INF;236;316;25;78;0;
7400;0; 0;0;2D;Random; 1;false;0;10;1;395.906;1.#INF;236;316;25;59;0;
7500;0; 0;0;2D;Random; 1;false;0;10;1;297.463;1.#INF;93;161;10;2;0;
7500;0; 0;0;2D;Random; 1;false;0;10;1;297.463;1.#INF;93;161;10;7;0;
7600;0; 0;0;2D;Random; 1;false;0;10;1;410.044;1.#INF;218;313;8;14;0;
7600;0; 0;0;2D;Random; 1;false;0;10;1;410.044;1.#INF;218;313;8;41;0;
7700;0; 0;0;2D;Random; 1;false;0;10;1;826.342;1.#INF;565;2215;11;313;0;
7700;0; 0;0;2D;Random; 1;false;0;10;1;826.342;1.#INF;565;2215;11;606;0;
7800;0; 0;0;2D;Random; 1;false;0;10;1;738.198;1.#INF;428;1374;24;158;0;
7800;0; 0;0;2D;Random; 1;false;0;10;1;738.198;1.#INF;428;1374;24;464;0;
7900;0; 0;0;2D;Random; 1;false;0;10;1;564.66;1.#INF;636;1411;18;236;0;
7900;0; 0;0;2D;Random; 1;false;0;10;1;564.66;1.#INF;636;1411;18;276;0;
8000;0; 0;0;2D;Random; 1;false;0;10;1;356.662;1.#INF;206;319;13;45;0;
8000;0; 0;0;2D;Random; 1;false;0;10;1;356.662;1.#INF;206;319;13;17;0;
8100;0; 0;0;2D;Random; 1;false;0;10;1;697.525;1.#INF;890;2519;12;342;0;
8100;0; 0;0;2D;Random; 1;false;0;10;1;697.525;1.#INF;890;2519;12;704;0;
8200;0; 0;0;2D;Random; 1;false;0;10;1;535.126;1.#INF;524;953;19;155;0;
8200;0; 0;0;2D;Random; 1;false;0;10;1;535.126;1.#INF;524;953;19;272;0;
8300;0; 0;0;2D;Random; 1;false;0;10;1;684.405;1.#INF;562;1472;14;140;0;
8300;0; 0;0;2D;Random; 1;false;0;10;1;684.405;1.#INF;562;1472;14;542;0;
8400;0; 0;0;2D;Random; 1;false;0;10;1;153.098;1.#INF;40;21;18;1;0;
8400;0; 0;0;2D;Random; 1;false;0;10;1;153.098;1.#INF;40;21;18;1;0;
8500;0; 0;0;2D;Random; 1;false;0;10;1;530.3;1.#INF;446;1283;5;228;0;
8500;0; 0;0;2D;Random; 1;false;0;10;1;530.3;1.#INF;446;1283;5;304;0;
8600;0; 0;0;2D;Random; 1;false;0;10;1;742.48;1.#INF;932;2522;18;465;0;
8600;0; 0;0;2D;Random; 1;false;0;10;1;742.48;1.#INF;932;2522;18;631;0;
8700;0; 0;0;2D;Random; 1;false;0;10;1;653.582;1.#INF;513;1655;18;208;0;
8700;0; 0;0;2D;Random; 1;false;0;10;1;653.582;1.#INF;513;1655;18;251;0;
8800;0; 0;0;2D;Random; 1;false;0;10;1;280.99;1.#INF;221;225;19;19;0;
8800;0; 0;0;2D;Random; 1;false;0;10;1;280.99;1.#INF;221;225;19;131;0;
8900;0; 0;0;2D;Random; 1;false;0;10;1;223.007;1.#INF;124;76;9;2;0;
8900;0; 0;0;2D;Random; 1;false;0;10;1;223.007;1.#INF;124;76;9;5;0;
9000;0; 0;0;2D;Random; 1;false;0;10;1;483.136;1.#INF;508;858;7;123;0;
9000;0; 0;0;2D;Random; 1;false;0;10;1;483.136;1.#INF;508;858;7;391;0;
9100;0; 0;0;2D;Random; 1;false;0;10;1;322.94;1.#INF;221;217;12;7;0;
9100;0; 0;0;2D;Random; 1;false;0;10;1;322.94;1.#INF;221;217;12;19;0;
9200;0; 0;0;2D;Random; 1;false;0;10;1;556.042;1.#INF;506;1172;9;403;0;
9200;0; 0;0;2D;Random; 1;false;0;10;1;556.042;1.#INF;506;1172;9;267;0;
9300;0; 0;0;2D;Random; 1;false;0;10;1;444.064;1.#INF;475;692;17;106;0;
9300;0; 0;0;2D;Random; 1;false;0;10;1;444.064;1.#INF;475;692;17;142;0;
9400;0; 0;0;2D;Random; 1;false;0;10;1;598.399;1.#INF;731;1737;11;264;0;
9400;0; 0;0;2D;Random; 1;false;0;10;1;598.399;1.#INF;731;1737;11;582;0;
9500;0; 0;0;2D;Random; 1;false;0;10;1;743.749;1.#INF;712;2480;15;515;0;
9500;0; 0;0;2D;Random; 1;false;0;10;1;743.749;1.#INF;712;2480;15;630;0;
9600;0; 0;0;2D;Random; 1;false;0;10;1;523.471;1.#INF;405;869;20;60;0;
9600;0; 0;0;2D;Random; 1;false;0;10;1;523.471;1.#INF;405;869;20;306;0;
9700;0; 0;0;2D;Random; 1;false;0;10;1;427.277;1.#INF;370;705;18;98;0;
9700;0; 0;0;2D;Random; 1;false;0;10;1;427.277;1.#INF;370;705;18;163;0;
9800;0; 0;0;2D;Random; 1;false;0;10;1;736.883;1.#INF;581;1691;15;279;0;
9800;0; 0;0;2D;Random; 1;false;0;10;1;736.883;1.#INF;581;1691;15;568;0;
9900;0; 0;0;2D;Random; 1;false;0;10;1;769.57;1.#INF;578;1860;21;313;0;
9900;0; 0;0;2D;Random; 1;false;0;10;1;769.57;1.#INF;578;1860;21;525;0;
100;0; 0;0;2D;Random; 2;false;0;10;1;379.055;1.#INF;9;2;22;0;0;
100;0; 0;0;2D;Random; 2;false;0;10;1;379.055;1.#INF;9;2;22;0;0;
200;0; 0;0;2D;Random; 2;false;0;10;1;308.276;1.#INF;12;2;3;0;0;
200;0; 0;0;2D;Random; 2;false;0;10;1;308.276;1.#INF;12;2;3;0;0;
300;0; 0;0;2D;Random; 2;false;0;10;1;848.186;1.#INF;33;7;3;1;0;
300;0; 0;0;2D;Random; 2;false;0;10;1;848.186;1.#INF;33;7;3;0;0;
400;0; 0;0;2D;Random; 2;false;0;10;1;431.627;1.#INF;18;4;8;0;0;
400;0; 0;0;2D;Random; 2;false;0;10;1;431.627;1.#INF;18;4;8;0;0;
500;0; 0;0;2D;Random; 2;false;0;10;1;668.286;1.#INF;41;12;5;0;0;
500;0; 0;0;2D;Random; 2;false;0;10;1;668.286;1.#INF;41;12;5;2;0;
600;0; 0;0;2D;Random; 2;false;0;10;1;870.67;1.#INF;38;8;11;0;0;
600;0; 0;0;2D;Random; 2;false;0;10;1;870.67;1.#INF;38;8;11;3;0;
700;0; 0;0;2D;Random; 2;false;0;10;1;365.01;1.#INF;21;4;9;0;0;
700;0; 0;0;2D;Random; 2;false;0;10;1;365.01;1.#INF;21;4;9;1;0;
800;0; 0;0;2D;Random; 2;false;0;10;1;797.111;1.#INF;41;9;5;0;0;
800;0; 0;0;2D;Random; 2;false;0;10;1;797.111;1.#INF;41;9;5;3;0;
900;0; 0;0;2D;Random; 2;false;0;10;1;882.558;1.#INF;170;127;10;12;0;
900;0; 0;0;2D;Random; 2;false;0;10;1;882.558;1.#INF;170;127;10;17;0;
1000;0; 0;0;2D;Random; 2;false;0;10;1;799.915;1.#INF;52;11;12;1;0;
1000;0; 0;0;2D;Random; 2;false;0;10;1;799.915;1.#INF;52;11;12;3;0;
1100;0; 0;0;2D;Random; 2;false;0;10;1;619.155;1.#INF;28;6;12;0;0;
1100;0; 0;0;2D;Random; 2;false;0;10;1;619.155;1.#INF;28;6;12;0;0;
1200;0; 0;0;2D;Random; 2;false;0;10;1;896.605;1.#INF;135;58;7;4;0;
1200;0; 0;0;2D;Random; 2;false;0;10;1;896.605;1.#INF;135;58;7;10;0;
1300;0; 0;0;2D;Random; 2;false;0;10;1;463.826;1.#INF;42;9;14;0;0;
1300;0; 0;0;2D;Random; 2;false;0;10;1;463.826;1.#INF;42;9;14;1;0;
1400;0; 0;0;2D;Random; 2;false;0;10;1;711.742;1.#INF;70;17;10;1;0;
1400;0; 0;0;2D;Random; 2;false;0;10;1;711.742;1.#INF;70;17;10;2;0;
1500;0; 0;0;2D;Random; 2;false;0;10;1;678.996;1.#INF;42;9;14;0;0;
1500;0; 0;0;2D;Random; 2;false;0;10;1;678.996;1.#INF;42;9;14;0;0;
1600;0; 0;0;2D;Random; 2;false;0;10;1;176.41;1.#INF;12;2;10;0;0;
1600;0; 0;0;2D;Random; 2;false;0;10;1;176.41;1.#INF;12;2;10;0;0;
1700;0; 0;0;2D;Random; 2;false;0;10;1;547.885;1.#INF;59;18;3;1;0;
1700;0; 0;0;2D;Random; 2;false;0;10;1;547.885;1.#INF;59;18;3;0;0;
1800;0; 0;0;2D;Random; 2;false;0;10;1;761.593;1.#INF;78;16;13;0;0;
1800;0; 0;0;2D;Random; 2;false;0;10;1;761.593;1.#INF;78;16;13;7;0;
1900;0; 0;0;2D;Random; 2;false;0;10;1;701.907;1.#INF;65;16;14;0;0;
1900;0; 0;0;2D;Random; 2;false;0;10;1;701.907;1.#INF;65;16;14;1;0;
2000;0; 0;0;2D;Random; 2;false;0;10;1;645.349;1.#INF;64;16;13;1;0;
2000;0; 0;0;2D;Random; 2;false;0;10;1;645.349;1.#INF;64;16;13;0;0;
2100;0; 0;0;2D;Random; 2;false;0;10;1;688.293;1.#INF;67;15;13;0;0;
2100;0; 0;0;2D;Random; 2;false;0;10;1;688.293;1.#INF;67;15;13;0;0;
2200;0; 0;0;2D;Random; 2;false;0;10;1;934.706;1.#INF;70;15;15;1;0;
2200;0; 0;0;2D;Random; 2;false;0;10;1;934.706;1.#INF;70;15;15;2;0;
2300;0; 0;0;2D;Random; 2;false;0;10;1;654.607;1.#INF;55;12;16;0;0;
2300;0; 0;0;2D;Random; 2;false;0;10;1;654.607;1.#INF;55;12;16;0;0;
2400;0; 0;0;2D;Random; 2;false;0;10;1;362.206;1.#INF;28;7;13;0;0;
2400;0; 0;0;2D;Random; 2;false;0;10;1;362.206;1.#INF;28;7;13;0;0;
2500;0; 0;0;2D;Random; 2;false;0;10;1;308.637;1.#INF;22;5;8;0;0;
2500;0; 0;0;2D;Random; 2;false;0;10;1;308.637;1.#INF;22;5;8;0;0;
2600;0; 0;0;2D;Random; 2;false;0;10;1;570.89;1.#INF;46;10;6;1;0;
2600;0; 0;0;2D;Random; 2;false;0;10;1;570.89;1.#INF;46;10;6;0;0;
2700;0; 0;0;2D;Random; 2;false;0;10;1;1000.49;1.#INF;63;14;11;0;0;
2700;0; 0;0;2D;Random; 2;false;0;10;1;1000.49;1.#INF;63;14;11;4;0;
2800;0; 0;0;2D;Random; 2;false;0;10;1;561.974;1.#INF;73;20;15;1;0;
2800;0; 0;0;2D;Random; 2;false;0;10;1;561.974;1.#INF;73;20;15;2;0;
2900;0; 0;0;2D;Random; 2;false;0;10;1;592.648;1.#INF;127;50;12;8;0;
2900;0; 0;0;2D;Random; 2;false;0;10;1;592.648;1.#INF;127;50;12;12;0;
3000;0; 0;0;2D;Random; 2;false;0;10;1;503.873;1.#INF;409;262;12;41;0;
3000;0; 0;0;2D;Random; 2;false;0;10;1;503.873;1.#INF;409;262;12;46;0;
3100;0; 0;0;2D;Random; 2;false;0;10;1;947.381;1.#INF;106;27;30;1;0;
3100;0; 0;0;2D;Random; 2;false;0;10;1;947.381;1.#INF;106;27;30;2;0;
3200;0; 0;0;2D;Random; 2;false;0;10;1;679.026;1.#INF;57;12;21;0;0;
3200;0; 0;0;2D;Random; 2;false;0;10;1;679.026;1.#INF;57;12;21;1;0;
3300;0; 0;0;2D;Random; 2;false;0;10;1;789.724;1.#INF;58;13;13;0;0;
3300;0; 0;0;2D;Random; 2;false;0;10;1;789.724;1.#INF;58;13;13;1;0;
3400;0; 0;0;2D;Random; 2;false;0;10;1;577.306;1.#INF;39;9;14;0;0;
3400;0; 0;0;2D;Random; 2;false;0;10;1;577.306;1.#INF;39;9;14;0;0;
3500;0; 0;0;2D;Random; 2;false;0;10;1;665.328;1.#INF;128;35;10;21;0;
3500;0; 0;0;2D;Random; 2;false;0;10;1;665.328;1.#INF;128;35;10;40;0;
3600;0; 0;0;2D;Random; 2;false;0;10;1;1122.38;1.#INF;134;37;23;1;0;
3600;0; 0;0;2D;Random; 2;false;0;10;1;1122.38;1.#INF;134;37;23;4;0;
3700;0; 0;0;2D;Random; 2;false;0;10;1;859.146;1.#INF;83;17;30;0;0;
3700;0; 0;0;2D;Random; 2;false;0;10;1;859.146;1.#INF;83;17;30;22;0;
3800;0; 0;0;2D;Random; 2;false;0;10;1;381.646;1.#INF;27;6;17;0;0;
3800;0; 0;0;2D;Random; 2;false;0;10;1;381.646;1.#INF;27;6;17;0;0;
3900;0; 0;0;2D;Random; 2;false;0;10;1;232.243;1.#INF;17;3;7;0;0;
3900;0; 0;0;2D;Random; 2;false;0;10;1;232.243;1.#INF;17;3;7;0;0;
4000;0; 0;0;2D;Random; 2;false;0;10;1;578.65;1.#INF;49;11;4;1;0;
4000;0; 0;0;2D;Random; 2;false;0;10;1;578.65;1.#INF;49;11;4;0;0;
4100;0; 0;0;2D;Random; 2;false;0;10;1;1083.61;1.#INF;142;33;12;1;0;
4100;0; 0;0;2D;Random; 2;false;0;10;1;1083.61;1.#INF;142;33;12;13;0;
4200;0; 0;0;2D;Random; 2;false;0;10;1;401.976;1.#INF;54;19;30;0;0;
4200;0; 0;0;2D;Random; 2;false;0;10;1;401.976;1.#INF;54;19;30;0;0;
4300;0; 0;0;2D;Random; 2;false;0;10;1;708.15;1.#INF;59;13;13;0;0;
4300;0; 0;0;2D;Random; 2;false;0;10;1;708.15;1.#INF;59;13;13;1;0;
4400;0; 0;0;2D;Random; 2;false;0;10;1;698.808;1.#INF;321;125;14;84;0;
4400;0; 0;0;2D;Random; 2;false;0;10;1;698.808;1.#INF;321;125;14;137;0;
4500;0; 0;0;2D;Random; 2;false;0;10;1;590.414;1.#INF;404;234;48;96;0;
4500;0; 0;0;2D;Random; 2;false;0;10;1;590.414;1.#INF;404;234;48;206;0;
4600;0; 0;0;2D;Random; 2;false;0;10;1;499.24;1.#INF;123;37;50;3;0;
4600;0; 0;0;2D;Random; 2;false;0;10;1;499.24;1.#INF;123;37;50;3;0;
4700;0; 0;0;2D;Random; 2;false;0;10;1;579.161;1.#INF;82;20;21;0;0;
4700;0; 0;0;2D;Random; 2;false;0;10;1;579.161;1.#INF;82;20;21;1;0;
4800;0; 0;0;2D;Random; 2;false;0;10;1;362.441;1.#INF;33;7;16;0;0;
4800;0; 0;0;2D;Random; 2;false;0;10;1;362.441;1.#INF;33;7;16;0;0;
4900;0; 0;0;2D;Random; 2;false;0;10;1;273.696;1.#INF;34;6;8;0;0;
4900;0; 0;0;2D;Random; 2;false;0;10;1;273.696;1.#INF;34;6;8;0;0;
5000;0; 0;0;2D;Random; 2;false;0;10;1;359.679;1.#INF;338;151;7;49;0;
5000;0; 0;0;2D;Random; 2;false;0;10;1;359.679;1.#INF;338;151;7;72;0;
5100;0; 0;0;2D;Random; 2;false;0;10;1;654.352;1.#INF;81;19;36;1;0;
5100;0; 0;0;2D;Random; 2;false;0;10;1;654.352;1.#INF;81;19;36;1;0;
5200;0; 0;0;2D;Random; 2;false;0;10;1;375.594;1.#INF;193;69;19;4;0;
5200;0; 0;0;2D;Random; 2;false;0;10;1;375.594;1.#INF;193;69;19;33;0;
5300;0; 0;0;2D;Random; 2;false;0;10;1;768.507;1.#INF;76;16;12;1;0;
5300;0; 0;0;2D;Random; 2;false;0;10;1;768.507;1.#INF;76;16;12;1;0;
5400;0; 0;0;2D;Random; 2;false;0;10;1;561.22;1.#INF;233;147;17;11;0;
5400;0; 0;0;2D;Random; 2;false;0;10;1;561.22;1.#INF;233;147;17;21;0;
5500;0; 0;0;2D;Random; 2;false;0;10;1;930.64;1.#INF;148;45;40;3;0;
5500;0; 0;0;2D;Random; 2;false;0;10;1;930.64;1.#INF;148;45;40;9;0;
5600;0; 0;0;2D;Random; 2;false;0;10;1;405.061;1.#INF;52;15;36;1;0;
5600;0; 0;0;2D;Random; 2;false;0;10;1;405.061;1.#INF;52;15;36;1;0;
5700;0; 0;0;2D;Random; 2;false;0;10;1;419.145;1.#INF;50;9;14;0;0;
5700;0; 0;0;2D;Random; 2;false;0;10;1;419.145;1.#INF;50;9;14;0;0;
5800;0; 0;0;2D;Random; 2;false;0;10;1;866.018;1.#INF;118;30;10;0;0;
5800;0; 0;0;2D;Random; 2;false;0;10;1;866.018;1.#INF;118;30;10;3;0;
5900;0; 0;0;2D;Random; 2;false;0;10;1;400.117;1.#INF;84;22;19;1;0;
5900;0; 0;0;2D;Random; 2;false;0;10;1;400.117;1.#INF;84;22;19;20;0;
6000;0; 0;0;2D;Random; 2;false;0;10;1;360.894;1.#INF;28;8;17;0;0;
6000;0; 0;0;2D;Random; 2;false;0;10;1;360.894;1.#INF;28;8;17;0;0;
6100;0; 0;0;2D;Random; 2;false;0;10;1;671.241;1.#INF;71;15;9;0;0;
6100;0; 0;0;2D;Random; 2;false;0;10;1;671.241;1.#INF;71;15;9;2;0;
6200;0; 0;0;2D;Random; 2;false;0;10;1;661.879;1.#INF;67;14;16;1;0;
6200;0; 0;0;2D;Random; 2;false;0;10;1;661.879;1.#INF;67;14;16;7;0;
6300;0; 0;0;2D;Random; 2;false;0;10;1;528.639;1.#INF;82;18;15;1;0;
6300;0; 0;0;2D;Random; 2;false;0;10;1;528.639;1.#INF;82;18;15;1;0;
6400;0; 0;0;2D;Random; 2;false;0;10;1;975.578;1.#INF;102;21;13;1;0;
6400;0; 0;0;2D;Random; 2;false;0;10;1;975.578;1.#INF;102;21;13;5;0;
6500;0; 0;0;2D;Random; 2;false;0;10;1;729.114;1.#INF;70;17;22;1;0;
6500;0; 0;0;2D;Random; 2;false;0;10;1;729.114;1.#INF;70;17;22;0;0;
6600;0; 0;0;2D;Random; 2;false;0;10;1;586.122;1.#INF;67;14;18;0;0;
6600;0; 0;0;2D;Random; 2;false;0;10;1;586.122;1.#INF;67;14;18;0;0;
6700;0; 0;0;2D;Random; 2;false;0;10;1;843.228;1.#INF;94;21;15;1;0;
6700;0; 0;0;2D;Random; 2;false;0;10;1;843.228;1.#INF;94;21;15;1;0;
6800;0; 0;0;2D;Random; 2;false;0;10;1;464.29;1.#INF;68;15;22;0;0;
6800;0; 0;0;2D;Random; 2;false;0;10;1;464.29;1.#INF;68;15;22;1;0;
6900;0; 0;0;2D;Random; 2;false;0;10;1;664.19;1.#INF;156;47;15;1;0;
6900;0; 0;0;2D;Random; 2;false;0;10;1;664.19;1.#INF;156;47;15;3;0;
7000;0; 0;0;2D;Random; 2;false;0;10;1;118.853;1.#INF;12;2;22;0;0;
7000;0; 0;0;2D;Random; 2;false;0;10;1;118.853;1.#INF;12;2;22;0;0;
7100;0; 0;0;2D;Random; 2;false;0;10;1;628.081;1.#INF;69;15;3;1;0;
7100;0; 0;0;2D;Random; 2;false;0;10;1;628.081;1.#INF;69;15;3;4;0;
7200;0; 0;0;2D;Random; 2;false;0;10;1;267.658;1.#INF;36;8;16;0;0;
7200;0; 0;0;2D;Random; 2;false;0;10;1;267.658;1.#INF;36;8;16;1;0;
7300;0; 0;0;2D;Random; 2;false;0;10;1;542.032;1.#INF;74;19;9;0;0;
7300;0; 0;0;2D;Random; 2;false;0;10;1;542.032;1.#INF;74;19;9;1;0;
7400;0; 0;0;2D;Random; 2;false;0;10;1;1308.45;1.#INF;134;29;16;2;0;
7400;0; 0;0;2D;Random; 2;false;0;10;1;1308.45;1.#INF;134;29;16;4;0;
7500;0; 0;0;2D;Random; 2;false;0;10;1;600.235;1.#INF;63;14;30;1;0;
7500;0; 0;0;2D;Random; 2;false;0;10;1;600.235;1.#INF;63;14;30;0;0;
7600;0; 0;0;2D;Random; 2;false;0;10;1;924.526;1.#INF;108;21;15;1;0;
7600;0; 0;0;2D;Random; 2;false;0;10;1;924.526;1.#INF;108;21;15;3;0;
7700;0; 0;0;2D;Random; 2;false;0;10;1;732.275;1.#INF;187;76;22;6;0;
7700;0; 0;0;2D;Random; 2;false;0;10;1;732.275;1.#INF;187;76;22;9;0;
7800;0; 0;0;2D;Random; 2;false;0;10;1;723.631;1.#INF;87;20;18;0;0;
7800;0; 0;0;2D;Random; 2;false;0;10;1;723.631;1.#INF;87;20;18;3;0;
7900;0; 0;0;2D;Random; 2;false;0;10;1;461.902;1.#INF;63;16;20;1;0;
7900;0; 0;0;2D;Random; 2;false;0;10;1;461.902;1.#INF;63;16;20;1;0;
8000;0; 0;0;2D;Random; 2;false;0;10;1;254.5;1.#INF;33;7;14;0;0;
8000;0; 0;0;2D;Random; 2;false;0;10;1;254.5;1.#INF;33;7;14;0;0;
8100;0; 0;0;2D;Random; 2;false;0;10;1;547.005;1.#INF;475;275;8;49;0;
8100;0; 0;0;2D;Random; 2;false;0;10;1;547.005;1.#INF;475;275;8;118;0;
8200;0; 0;0;2D;Random; 2;false;0;10;1;300.571;1.#INF;34;6;15;0;0;
8200;0; 0;0;2D;Random; 2;false;0;10;1;300.571;1.#INF;34;6;15;1;0;
8300;0; 0;0;2D;Random; 2;false;0;10;1;578.573;1.#INF;644;315;7;129;0;
8300;0; 0;0;2D;Random; 2;false;0;10;1;578.573;1.#INF;644;315;7;127;0;
8400;0; 0;0;2D;Random; 2;false;0;10;1;411.231;1.#INF;586;275;61;92;0;
8400;0; 0;0;2D;Random; 2;false;0;10;1;411.231;1.#INF;586;275;61;205;0;
8500;0; 0;0;2D;Random; 2;false;0;10;1;555.294;1.#INF;73;18;14;0;0;
8500;0; 0;0;2D;Random; 2;false;0;10;1;555.294;1.#INF;73;18;14;1;0;
8600;0; 0;0;2D;Random; 2;false;0;10;1;503.316;1.#INF;64;14;15;1;0;
8600;0; 0;0;2D;Random; 2;false;0;10;1;503.316;1.#INF;64;14;15;1;0;
8700;0; 0;0;2D;Random; 2;false;0;10;1;694.513;1.#INF;334;147;15;61;0;
8700;0; 0;0;2D;Random; 2;false;0;10;1;694.513;1.#INF;334;147;15;45;0;
8800;0; 0;0;2D;Random; 2;false;0;10;1;177.258;1.#INF;770;398;43;73;0;
8800;0; 0;0;2D;Random; 2;false;0;10;1;177.258;1.#INF;770;398;43;284;0;
8900;0; 0;0;2D;Random; 2;false;0;10;1;599.87;1.#INF;249;93;7;6;0;
8900;0; 0;0;2D;Random; 2;false;0;10;1;599.87;1.#INF;249;93;7;14;0;
9000;0; 0;0;2D;Random; 2;false;0;10;1;1239.77;1.#INF;134;31;26;1;0;
9000;0; 0;0;2D;Random; 2;false;0;10;1;1239.77;1.#INF;134;31;26;6;0;
9100;0; 0;0;2D;Random; 2;false;0;10;1;824.189;1.#INF;102;23;31;0;0;
9100;0; 0;0;2D;Random; 2;false;0;10;1;824.189;1.#INF;102;23;31;2;0;
9200;0; 0;0;2D;Random; 2;false;0;10;1;537.071;1.#INF;73;15;24;0;0;
9200;0; 0;0;2D;Random; 2;false;0;10;1;537.071;1.#INF;73;15;24;1;0;
9300;0; 0;0;2D;Random; 2;false;0;10;1;248.113;1.#INF;29;7;16;0;0;
9300;0; 0;0;2D;Random; 2;false;0;10;1;248.113;1.#INF;29;7;16;0;0;
9400;0; 0;0;2D;Random; 2;false;0;10;1;662.033;1.#INF;91;21;8;1;0;
9400;0; 0;0;2D;Random; 2;false;0;10;1;662.033;1.#INF;91;21;8;6;0;
9500;0; 0;0;2D;Random; 2;false;0;10;1;343.042;1.#INF;909;486;21;113;0;
9500;0; 0;0;2D;Random; 2;false;0;10;1;343.042;1.#INF;909;486;21;214;0;
9600;0; 0;0;2D;Random; 2;false;0;10;1;439.439;1.#INF;64;23;17;1;0;
9600;0; 0;0;2D;Random; 2;false;0;10;1;439.439;1.#INF;64;23;17;1;0;
9700;0; 0;0;2D;Random; 2;false;0;10;1;684.326;1.#INF;223;61;13;4;0;
9700;0; 0;0;2D;Random; 2;false;0;10;1;684.326;1.#INF;223;61;13;8;0;
9800;0; 0;0;2D;Random; 2;false;0;10;1;1055;1.#INF;137;32;23;1;0;
9800;0; 0;0;2D;Random; 2;false;0;10;1;1055;1.#INF;137;32;23;4;0;
9900;0; 0;0;2D;Random; 2;false;0;10;1;420.785;1.#INF;78;17;31;1;0;
9900;0; 0;0;2D;Random; 2;false;0;10;1;420.785;1.#INF;78;17;31;14;0;
100;0; 0;0;2D;Random; 0;false;1;100;1;648.289;1.#INF;0;1;13;0;0;
100;0; 0;0;2D;Random; 0;false;1;100;1;648.289;1.#INF;0;1;13;0;0;
200;0; 0;0;2D;Random; 0;false;1;100;1;323.159;1.#INF;0;2;0;0;0;
200;0; 0;0;2D;Random; 0;false;1;100;1;323.159;1.#INF;0;2;0;0;0;
300;0; 0;0;2D;Random; 0;false;1;100;1;247.185;1.#INF;0;1;0;0;0;
300;0; 0;0;2D;Random; 0;false;1;100;1;247.185;1.#INF;0;1;0;0;0;
400;0; 0;0;2D;Random; 0;false;1;100;1;814.02;1.#INF;0;4;0;0;0;
400;0; 0;0;2D;Random; 0;false;1;100;1;814.02;1.#INF;0;4;0;0;0;
500;0; 0;0;2D;Random; 0;false;1;100;1;766.131;1.#INF;0;2;0;0;0;
500;0; 0;0;2D;Random; 0;false;1;100;1;766.131;1.#INF;0;2;0;0;0;
600;0; 0;0;2D;Random; 0;false;1;100;1;321.376;1.#INF;10;26;0;0;0;
600;0; 0;0;2D;Random; 0;false;1;100;1;321.376;1.#INF;10;26;0;1;0;
700;0; 0;0;2D;Random; 0;false;1;100;1;1094.47;1.#INF;0;2;19;0;0;
700;0; 0;0;2D;Random; 0;false;1;100;1;1094.47;1.#INF;0;2;19;0;0;
800;0; 0;0;2D;Random; 0;false;1;100;1;1058.03;1.#INF;30;32;0;0;0;
800;0; 0;0;2D;Random; 0;false;1;100;1;1058.03;1.#INF;30;32;0;3;0;
900;0; 0;0;2D;Random; 0;false;1;100;1;1006.91;1.#INF;28;60;26;1;0;
900;0; 0;0;2D;Random; 0;false;1;100;1;1006.91;1.#INF;28;60;26;2;0;
1000;0; 0;0;2D;Random; 0;false;1;100;1;1002.39;1.#INF;0;807;24;26;0;
1000;0; 0;0;2D;Random; 0;false;1;100;1;1002.39;1.#INF;0;807;24;45;0;
1100;0; 0;0;2D;Random; 0;false;1;100;1;995.925;1.#INF;60;104;0;2;0;
1100;0; 0;0;2D;Random; 0;false;1;100;1;995.925;1.#INF;60;104;0;3;0;
1200;0; 0;0;2D;Random; 0;false;1;100;1;1085.43;1.#INF;68;68;31;1;0;
1200;0; 0;0;2D;Random; 0;false;1;100;1;1085.43;1.#INF;68;68;31;8;0;
1300;0; 0;0;2D;Random; 0;false;1;100;1;488.985;1.#INF;12;13;37;0;0;
1300;0; 0;0;2D;Random; 0;false;1;100;1;488.985;1.#INF;12;13;37;0;0;
1400;0; 0;0;2D;Random; 0;false;1;100;1;893.031;1.#INF;39;23;14;0;0;
1400;0; 0;0;2D;Random; 0;false;1;100;1;893.031;1.#INF;39;23;14;1;0;
1500;0; 0;0;2D;Random; 0;false;1;100;1;740.578;1.#INF;43;22;20;0;0;
1500;0; 0;0;2D;Random; 0;false;1;100;1;740.578;1.#INF;43;22;20;1;0;
1600;0; 0;0;2D;Random; 0;false;1;100;1;399.854;1.#INF;30;12;19;0;0;
1600;0; 0;0;2D;Random; 0;false;1;100;1;399.854;1.#INF;30;12;19;1;0;
1700;0; 0;0;2D;Random; 0;false;1;100;1;690.478;1.#INF;35;22;12;0;0;
1700;0; 0;0;2D;Random; 0;false;1;100;1;690.478;1.#INF;35;22;12;0;0;
1800;0; 0;0;2D;Random; 0;false;1;100;1;930.594;1.#INF;55;16;16;1;0;
1800;0; 0;0;2D;Random; 0;false;1;100;1;930.594;1.#INF;55;16;16;4;0;
1900;0; 0;0;2D;Random; 0;false;1;100;1;947.83;1.#INF;52;20;17;1;0;
1900;0; 0;0;2D;Random; 0;false;1;100;1;947.83;1.#INF;52;20;17;1;0;
2000;0; 0;0;2D;Random; 0;false;1;100;1;677.634;1.#INF;58;10;18;1;0;
2000;0; 0;0;2D;Random; 0;false;1;100;1;677.634;1.#INF;58;10;18;0;0;
2100;0; 0;0;2D;Random; 0;false;1;100;1;340.753;1.#INF;31;5;11;0;0;
2100;0; 0;0;2D;Random; 0;false;1;100;1;340.753;1.#INF;31;5;11;0;0;
2200;0; 0;0;2D;Random; 0;false;1;100;1;287.214;1.#INF;22;4;6;0;0;
2200;0; 0;0;2D;Random; 0;false;1;100;1;287.214;1.#INF;22;4;6;0;0;
2300;0; 0;0;2D;Random; 0;false;1;100;1;1047.08;1.#INF;75;17;5;1;0;
2300;0; 0;0;2D;Random; 0;false;1;100;1;1047.08;1.#INF;75;17;5;4;0;
2400;0; 0;0;2D;Random; 0;false;1;100;1;656.719;1.#INF;69;13;18;1;0;
2400;0; 0;0;2D;Random; 0;false;1;100;1;656.719;1.#INF;69;13;18;1;0;
2500;0; 0;0;2D;Random; 0;false;1;100;1;1046.44;1.#INF;84;14;13;1;0;
2500;0; 0;0;2D;Random; 0;false;1;100;1;1046.44;1.#INF;84;14;13;2;0;
2600;0; 0;0;2D;Random; 0;false;1;100;1;378.076;1.#INF;31;5;15;1;0;
2600;0; 0;0;2D;Random; 0;false;1;100;1;378.076;1.#INF;31;5;15;0;0;
2700;0; 0;0;2D;Random; 0;false;1;100;1;628.793;1.#INF;52;9;6;1;0;
2700;0; 0;0;2D;Random; 0;false;1;100;1;628.793;1.#INF;52;9;6;0;0;
2800;0; 0;0;2D;Random; 0;false;1;100;1;665.846;1.#INF;68;10;10;0;0;
2800;0; 0;0;2D;Random; 0;false;1;100;1;665.846;1.#INF;68;10;10;2;0;
2900;0; 0;0;2D;Random; 0;false;1;100;1;661.414;1.#INF;64;11;11;0;0;
2900;0; 0;0;2D;Random; 0;false;1;100;1;661.414;1.#INF;64;11;11;1;0;
100;0; 0;0;2D;Random; 1;false;1;100;1;667.538;1.#INF;0;1;12;0;0;
100;0; 0;0;2D;Random; 1;false;1;100;1;667.538;1.#INF;0;1;12;0;0;
200;0; 0;0;2D;Random; 1;false;1;100;1;420.571;1.#INF;0;2;0;0;0;
200;0; 0;0;2D;Random; 1;false;1;100;1;420.571;1.#INF;0;2;0;0;0;
300;0; 0;0;2D;Random; 1;false;1;100;1;842.09;1.#INF;0;1;0;0;0;
300;0; 0;0;2D;Random; 1;false;1;100;1;842.09;1.#INF;0;1;0;0;0;
400;0; 0;0;2D;Random; 1;false;1;100;1;616.261;1.#INF;0;2;0;0;0;
400;0; 0;0;2D;Random; 1;false;1;100;1;616.261;1.#INF;0;2;0;0;0;
500;0; 0;0;2D;Random; 1;false;1;100;1;809.916;1.#INF;0;15;0;0;0;
500;0; 0;0;2D;Random; 1;false;1;100;1;809.916;1.#INF;0;15;0;0;0;
600;0; 0;0;2D;Random; 1;false;1;100;1;727.885;1.#INF;0;3;0;0;0;
600;0; 0;0;2D;Random; 1;false;1;100;1;727.885;1.#INF;0;3;0;0;0;
700;0; 0;0;2D;Random; 1;false;1;100;1;666.82;1.#INF;0;8;0;0;0;
700;0; 0;0;2D;Random; 1;false;1;100;1;666.82;1.#INF;0;8;0;0;0;
800;0; 0;0;2D;Random; 1;false;1;100;1;644.618;1.#INF;0;58;0;0;0;
800;0; 0;0;2D;Random; 1;false;1;100;1;644.618;1.#INF;0;58;0;2;0;
900;0; 0;0;2D;Random; 1;false;1;100;1;474.814;1.#INF;0;4;0;0;0;
900;0; 0;0;2D;Random; 1;false;1;100;1;474.814;1.#INF;0;4;0;0;0;
1000;0; 0;0;2D;Random; 1;false;1;100;1;714.061;1.#INF;0;907;0;79;0;
1000;0; 0;0;2D;Random; 1;false;1;100;1;714.061;1.#INF;0;907;0;67;0;
1100;0; 0;0;2D;Random; 1;false;1;100;1;954.286;1.#INF;0;943;0;47;0;
1100;0; 0;0;2D;Random; 1;false;1;100;1;954.286;1.#INF;0;943;0;78;0;
1200;0; 0;0;2D;Random; 1;false;1;100;1;872.291;1.#INF;0;1149;0;59;0;
1200;0; 0;0;2D;Random; 1;false;1;100;1;872.291;1.#INF;0;1149;0;94;0;
1300;0; 0;0;2D;Random; 1;false;1;100;1;1176.16;1.#INF;112;797;0;51;0;
1300;0; 0;0;2D;Random; 1;false;1;100;1;1176.16;1.#INF;112;797;0;188;0;
1400;0; 0;0;2D;Random; 1;false;1;100;1;951.75;1.#INF;108;398;36;44;0;
1400;0; 0;0;2D;Random; 1;false;1;100;1;951.75;1.#INF;108;398;36;36;0;
1500;0; 0;0;2D;Random; 1;false;1;100;1;428.029;1.#INF;97;113;18;10;0;
1500;0; 0;0;2D;Random; 1;false;1;100;1;428.029;1.#INF;97;113;18;30;0;
1600;0; 0;0;2D;Random; 1;false;1;100;1;918.088;1.#INF;154;709;9;42;0;
1600;0; 0;0;2D;Random; 1;false;1;100;1;918.088;1.#INF;154;709;9;54;0;
1700;0; 0;0;2D;Random; 1;false;1;100;1;799.74;1.#INF;145;514;21;78;0;
1700;0; 0;0;2D;Random; 1;false;1;100;1;799.74;1.#INF;145;514;21;123;0;
1800;0; 0;0;2D;Random; 1;false;1;100;1;459.71;1.#INF;86;99;18;10;0;
1800;0; 0;0;2D;Random; 1;false;1;100;1;459.71;1.#INF;86;99;18;40;0;
1900;0; 0;0;2D;Random; 1;false;1;100;1;355.695;1.#INF;81;68;10;2;0;
1900;0; 0;0;2D;Random; 1;false;1;100;1;355.695;1.#INF;81;68;10;3;0;
2000;0; 0;0;2D;Random; 1;false;1;100;1;378.655;1.#INF;93;150;7;8;0;
2000;0; 0;0;2D;Random; 1;false;1;100;1;378.655;1.#INF;93;150;7;20;0;
2100;0; 0;0;2D;Random; 1;false;1;100;1;514.15;1.#INF;200;237;8;51;0;
2100;0; 0;0;2D;Random; 1;false;1;100;1;514.15;1.#INF;200;237;8;62;0;
2200;0; 0;0;2D;Random; 1;false;1;100;1;608.031;1.#INF;248;363;11;67;0;
2200;0; 0;0;2D;Random; 1;false;1;100;1;608.031;1.#INF;248;363;11;97;0;
2300;0; 0;0;2D;Random; 1;false;1;100;1;870.615;1.#INF;351;975;11;111;0;
2300;0; 0;0;2D;Random; 1;false;1;100;1;870.615;1.#INF;351;975;11;129;0;
2400;0; 0;0;2D;Random; 1;false;1;100;1;502.978;1.#INF;251;248;21;28;0;
2400;0; 0;0;2D;Random; 1;false;1;100;1;502.978;1.#INF;251;248;21;58;0;
2500;0; 0;0;2D;Random; 1;false;1;100;1;444.814;1.#INF;138;149;9;19;0;
2500;0; 0;0;2D;Random; 1;false;1;100;1;444.814;1.#INF;138;149;9;10;0;
2600;0; 0;0;2D;Random; 1;false;1;100;1;1068.47;1.#INF;312;1382;8;236;0;
2600;0; 0;0;2D;Random; 1;false;1;100;1;1068.47;1.#INF;312;1382;8;222;0;
2700;0; 0;0;2D;Random; 1;false;1;100;1;1078.2;1.#INF;312;1660;17;138;0;
2700;0; 0;0;2D;Random; 1;false;1;100;1;1078.2;1.#INF;312;1660;17;319;0;
2800;0; 0;0;2D;Random; 1;false;1;100;1;505.926;1.#INF;300;293;19;24;0;
2800;0; 0;0;2D;Random; 1;false;1;100;1;505.926;1.#INF;300;293;19;89;0;
2900;0; 0;0;2D;Random; 1;false;1;100;1;964.069;1.#INF;325;1604;9;247;0;
2900;0; 0;0;2D;Random; 1;false;1;100;1;964.069;1.#INF;325;1604;9;253;0;
100;0; 0;0;2D;Random; 2;false;1;100;1;245.72;1.#INF;0;1;17;0;0;
100;0; 0;0;2D;Random; 2;false;1;100;1;245.72;1.#INF;0;1;17;0;0;
200;0; 0;0;2D;Random; 2;false;1;100;1;1157.76;1.#INF;0;1;0;1;0;
200;0; 0;0;2D;Random; 2;false;1;100;1;1157.76;1.#INF;0;1;0;0;0;
300;0; 0;0;2D;Random; 2;false;1;100;1;841.945;1.#INF;0;1;0;0;0;
300;0; 0;0;2D;Random; 2;false;1;100;1;841.945;1.#INF;0;1;0;0;0;
400;0; 0;0;2D;Random; 2;false;1;100;1;1028.41;1.#INF;0;4;0;0;0;
400;0; 0;0;2D;Random; 2;false;1;100;1;1028.41;1.#INF;0;4;0;0;0;
500;0; 0;0;2D;Random; 2;false;1;100;1;858.144;1.#INF;0;7;0;0;0;
500;0; 0;0;2D;Random; 2;false;1;100;1;858.144;1.#INF;0;7;0;0;0;
600;0; 0;0;2D;Random; 2;false;1;100;1;800.106;1.#INF;0;11;0;0;0;
600;0; 0;0;2D;Random; 2;false;1;100;1;800.106;1.#INF;0;11;0;0;0;
700;0; 0;0;2D;Random; 2;false;1;100;1;818.805;1.#INF;0;289;0;5;0;
700;0; 0;0;2D;Random; 2;false;1;100;1;818.805;1.#INF;0;289;0;6;0;
800;0; 0;0;2D;Random; 2;false;1;100;1;660.564;1.#INF;14;271;0;8;0;
800;0; 0;0;2D;Random; 2;false;1;100;1;660.564;1.#INF;14;271;0;9;0;
900;0; 0;0;2D;Random; 2;false;1;100;1;775.898;1.#INF;41;127;32;2;0;
900;0; 0;0;2D;Random; 2;false;1;100;1;775.898;1.#INF;41;127;32;6;0;
1000;0; 0;0;2D;Random; 2;false;1;100;1;699.22;1.#INF;47;573;30;14;0;
1000;0; 0;0;2D;Random; 2;false;1;100;1;699.22;1.#INF;47;573;30;30;0;
1100;0; 0;0;2D;Random; 2;false;1;100;1;684.351;1.#INF;45;51;54;1;0;
1100;0; 0;0;2D;Random; 2;false;1;100;1;684.351;1.#INF;45;51;54;1;0;
1200;0; 0;0;2D;Random; 2;false;1;100;1;304.645;1.#INF;0;1124;21;74;0;
1200;0; 0;0;2D;Random; 2;false;1;100;1;304.645;1.#INF;0;1124;21;103;0;
1300;0; 0;0;2D;Random; 2;false;1;100;1;754.221;1.#INF;111;170;0;7;0;
1300;0; 0;0;2D;Random; 2;false;1;100;1;754.221;1.#INF;111;170;0;28;0;
1400;0; 0;0;2D;Random; 2;false;1;100;1;486.496;1.#INF;54;112;43;2;0;
1400;0; 0;0;2D;Random; 2;false;1;100;1;486.496;1.#INF;54;112;43;11;0;
1500;0; 0;0;2D;Random; 2;false;1;100;1;420.876;1.#INF;17;7;28;0;0;
1500;0; 0;0;2D;Random; 2;false;1;100;1;420.876;1.#INF;17;7;28;0;0;
1600;0; 0;0;2D;Random; 2;false;1;100;1;482.213;1.#INF;28;7;8;0;0;
1600;0; 0;0;2D;Random; 2;false;1;100;1;482.213;1.#INF;28;7;8;0;0;
1700;0; 0;0;2D;Random; 2;false;1;100;1;788.665;1.#INF;55;25;8;0;0;
1700;0; 0;0;2D;Random; 2;false;1;100;1;788.665;1.#INF;55;25;8;3;0;
1800;0; 0;0;2D;Random; 2;false;1;100;1;320.734;1.#INF;104;63;20;2;0;
1800;0; 0;0;2D;Random; 2;false;1;100;1;320.734;1.#INF;104;63;20;2;0;
1900;0; 0;0;2D;Random; 2;false;1;100;1;637.845;1.#INF;43;10;9;0;0;
1900;0; 0;0;2D;Random; 2;false;1;100;1;637.845;1.#INF;43;10;9;0;0;
2000;0; 0;0;2D;Random; 2;false;1;100;1;655.804;1.#INF;74;30;11;0;0;
2000;0; 0;0;2D;Random; 2;false;1;100;1;655.804;1.#INF;74;30;11;5;0;
2100;0; 0;0;2D;Random; 2;false;1;100;1;400.436;1.#INF;67;23;15;0;0;
2100;0; 0;0;2D;Random; 2;false;1;100;1;400.436;1.#INF;67;23;15;5;0;
2200;0; 0;0;2D;Random; 2;false;1;100;1;618.453;1.#INF;66;25;11;0;0;
2200;0; 0;0;2D;Random; 2;false;1;100;1;618.453;1.#INF;66;25;11;3;0;
2300;0; 0;0;2D;Random; 2;false;1;100;1;1127.53;1.#INF;107;28;14;1;0;
2300;0; 0;0;2D;Random; 2;false;1;100;1;1127.53;1.#INF;107;28;14;10;0;
2400;0; 0;0;2D;Random; 2;false;1;100;1;600.907;1.#INF;57;9;23;1;0;
2400;0; 0;0;2D;Random; 2;false;1;100;1;600.907;1.#INF;57;9;23;0;0;
2500;0; 0;0;2D;Random; 2;false;1;100;1;756.41;1.#INF;65;12;10;0;0;
2500;0; 0;0;2D;Random; 2;false;1;100;1;756.41;1.#INF;65;12;10;1;0;
2600;0; 0;0;2D;Random; 2;false;1;100;1;709.017;1.#INF;93;36;13;2;0;
2600;0; 0;0;2D;Random; 2;false;1;100;1;709.017;1.#INF;93;36;13;5;0;
2700;0; 0;0;2D;Random; 2;false;1;100;1;652.412;1.#INF;80;18;14;3;0;
2700;0; 0;0;2D;Random; 2;false;1;100;1;652.412;1.#INF;80;18;14;2;0;
2800;0; 0;0;2D;Random; 2;false;1;100;1;613.371;1.#INF;57;8;13;1;0;
2800;0; 0;0;2D;Random; 2;false;1;100;1;613.371;1.#INF;57;8;13;0;0;
2900;0; 0;0;2D;Random; 2;false;1;100;1;905.144;1.#INF;131;27;9;4;0;
2900;0; 0;0;2D;Random; 2;false;1;100;1;905.144;1.#INF;131;27;9;4;0;
